{
    "B": {
        "E": -0.18269551122526256,
        "M": -1.789891791828485
    },
    "E": {
        "B": -1.3918936291816495,
        "S": -0.2858225952258636
    },
    "M": {
        "E": -0.14806666560085785,
        "M": -1.9832126739619929
    },
    "S": {
        "B": -1.193346075614645,
        "S": -0.36126405479012696
    }
}