{
    "B": -1.0854244820323709,
    "E": -3.14e+100,
    "M": -3.14e+100,
    "S": -0.4121248094166894
}